{"val/loss":0.00016002585482783615,"train/loss":0.0001587132894201204,"train/dist":0.014723698809742928,"_wandb":{"runtime":288},"_step":99,"_runtime":288,"best_val_dist":0.014119069993495941,"_timestamp":1.7782255828403149e+09,"best_val_loss":0.00016002585482783615,"val/dist":0.014119069993495941,"epoch":100}