{"val_acc":0.5255,"_runtime":328,"train_acc":0.5725,"val_loss":0.00018132916581816973,"epoch":392,"_wandb":{"runtime":328},"lr":0.0005,"_timestamp":1.7782111876421824e+09,"train_loss":7.93836859811563e-05,"_step":391}