{"_step":77,"_wandb":{"runtime":238},"train/loss":0.0009056784836575389,"train/dist":0.04496716749668121,"val/loss":0.0008605938493274152,"best_val_dist":0.04369965136051178,"epoch":78,"_timestamp":1.7782249495663989e+09,"val/dist":0.04408482182025909,"_runtime":238,"best_val_loss":0.0008566762106493116}